id,address,credit_card_nr,signup_date
26761,"3877 John Vista Apt. 551
Alecburgh, TN 86006",2438079787123704,2010-04-28
37532,"054 John Corner
Greenborough, MN 69381",2232703097421460,1992-10-25
11560,"5427 Sosa Plaza
Duncanside, OH 06968",344686023811780,1996-04-02
67639,"1807 Camacho Circle Apt. 277
Sandramouth, MP 77567",3535366917891908,2023-01-16
47001,"24568 White Turnpike Apt. 393
Port Albert, AK 63720",4698550687534,2002-12-22
32398,"9367 Susan Burg Suite 696
Tiffanyburgh, CT 62427",4238526450186,2017-12-28
34485,"868 Norman Common Apt. 469
Nicoleview, GU 15246",4363240007395663,2009-01-13
32420,"309 Michael Inlet
Sethborough, TN 77951",4329516110478888764,1972-09-03
73334,"73458 Savannah Haven
Walkerfurt, VT 50914",4006331114448752503,1978-07-23
56693,"59008 Brandon Harbors Apt. 548
Sabrinaton, TX 50894",3525274750126253,2004-02-07
6082,"83076 Kathleen Meadows
Staceybury, NC 45138",2603386409630035,2006-02-07
29868,"136 Jeremy Path
West Kennethburgh, MD 28638",30163095424917,1992-03-19
43210,"5660 Philip Grove Apt. 507
Woodville, UT 25972",4504193111106346,2014-09-18
5267,"75446 Tracy Forges
Joshuaport, IN 80722",4944707804270164,1994-06-25
11295,"3416 West Terrace
Benjaminmouth, AR 15088",570067474967,2009-12-10
64680,"USCGC Johnston
FPO AA 91724",30385594609272,1973-05-24
27306,"5403 Christensen Expressway
South Tammy, CO 26612",3575587817519361,2019-12-30
25305,"5366 Hodge Island
North Jose, MO 51217",4072832531306836,1982-03-29
32500,"71872 Estrada Stream
North Marioton, CO 31036",38124919440481,2018-10-05
67956,"592 Montoya Islands
Randolphview, TX 58104",4716526424907551265,1994-08-11
6293,"9619 Kevin Falls Apt. 165
Meganfurt, TN 31263",376082427101294,1981-03-22
15999,"5953 Robin Square Apt. 549
Larryberg, OH 56623",3556460555116472,2009-08-31
6974,"5856 Hansen Point Suite 575
Woodwardport, FM 45916",676196764283,1977-02-16
27052,"17244 Kelsey Row
Waltonfurt, NH 82054",6540781196626492,2001-07-01
32460,"USNV Wise
FPO AP 62495",213174120788621,2006-01-12
29265,"66476 Martinez Shores
Sherryport, HI 02493",6525367807750860,2006-07-19
48537,"0683 Christine Lights Apt. 679
Lake Stephaniebury, AZ 47420",4196739560086,1981-04-22
74111,"71648 Kennedy Pines
Mariefurt, TN 72792",6011735262122844,1988-07-26
48743,"234 Gonzalez Radial Apt. 753
Port Debrachester, KS 03794",30105208615212,1982-11-01
60289,"3972 Tiffany Pass Suite 720
New Hannahview, KY 56476",4512625506142,2026-02-06
43066,"5675 Laura River Apt. 422
South Lanceton, GA 48360",2274393050866825,1990-04-01
62839,"5327 Garcia Knoll Suite 734
Brettton, RI 72670",379169202959082,2025-09-29
25276,"239 Darryl Drive Apt. 017
Christopherburgh, WV 34913",3594904731779962,2006-07-08
38356,"2108 Wood Station
East Wesleytown, SD 21576",180029245736997,2011-01-23
73731,"2406 Jackson Expressway Suite 051
Webbville, TX 04574",4593922211428354656,1973-03-31
74787,"437 Kimberly Port Suite 454
Tylershire, WA 73268",639052017279,1988-11-03
17747,"77545 Kane Forks
Heathermouth, AR 83833",213158584139173,1975-12-16
59901,"337 Arnold Flats
New Stacey, IL 52929",3561247935964165,2005-06-17
74020,"7533 Michael Pine Apt. 841
New Christopherchester, IL 84804",3563904163121359,2006-08-30
13592,"USNS Smith
FPO AE 01574",4898993034578537,1987-02-27
55694,"Unit 8149 Box 5505
DPO AA 47277",378664628969898,2017-04-25
44025,"1185 Mark Path
New Williamfort, WV 26575",4200265580425,2013-04-03
76278,"Unit 5866 Box 4990
DPO AP 88686",4695561403329497937,1981-06-03
68617,"59783 Harper Hollow Suite 830
Dwayneville, DE 73896",180068029674586,2022-11-26
7001,"17442 Jacob Mall Apt. 158
Jamesland, ME 71672",4059650020159715,2002-09-24
19694,"311 West Summit Suite 247
Lake Caseybury, IA 32477",4381354853084681,1980-10-13
46805,"23688 Angela Pine Suite 123
North Saraport, VI 55367",4040074012399480,1971-12-29
15423,"113 Christopher Point Suite 322
Mariaport, MA 27298",180007227394704,2025-08-11
31255,"402 Daniel Prairie Apt. 366
Darrellport, NY 51853",3545121793094913,2024-09-21
13084,"PSC 3012, Box 8848
APO AE 76810",4293092954470192166,2024-10-02
63210,"PSC 0393, Box 3739
APO AE 45038",3553803090413149,1973-03-09
57901,"6719 Anderson Forks Apt. 408
East Joseburgh, NV 58672",4360526099295495,1992-12-23
61224,"35908 Williams View
Christopherland, RI 14608",344583371500596,2023-07-31
52863,"783 Brenda Cape
Kirkmouth, UT 24404",4825978169767,1992-02-03
64565,"790 Andrew Freeway Suite 004
Port Nathanport, DE 47015",2720406878130909,2000-02-17
1171,"785 Thomas Via Suite 080
New Paul, PW 62308",2250585683008075,2024-10-01
15532,"USNV Miller
FPO AE 89616",060499685141,2014-04-20
60179,"USCGC Morales
FPO AP 28457",6506034014930924,2024-04-25
4586,"9534 Brittany Light Apt. 673
Port Matthew, SC 96718",639082809265,1986-05-29
20941,"101 Andrew Drives
Lake Cody, NV 77367",4521652620215720035,2011-08-14
18236,"4498 Jim Divide
Port Phyllis, RI 08763",4615914037115038,1989-06-19
53449,"36016 Compton Forest
Kristinton, AR 37669",503821273169,1972-11-08
48765,"1987 Weber Cape
Vazquezbury, AL 78752",346611743273382,2024-04-22
39420,"85201 Wade Fords Suite 547
South Edwin, ND 42364",30184043447313,1988-10-22
15902,"190 Jerry Extensions
South Eric, AL 32299",38619139476934,2013-04-13
60410,"4335 Max Brooks
Bennettside, DC 80364",4350223309957336,2013-12-15
57294,"24740 Snyder Harbor
North Anthony, DC 42100",30039461458129,2024-07-25
65859,"513 Herring Mountains
Heidistad, MS 29668",38299641381532,1995-06-06
36030,"9511 Fuentes Via
Robertchester, GA 19833",30009899534221,2014-01-07
33000,"Unit 0353 Box 0055
DPO AE 76084",060476858984,2007-05-13
66779,"2221 Michael Course Apt. 137
Lauraland, ME 15985",3536901715313694,2014-09-25
57446,"7349 Rivera Station Apt. 589
Marymouth, WY 74295",501832340464,1987-03-31
6391,"87706 Davis Knoll
East Kathleen, DC 25327",180057022638904,2008-01-05
9135,"6795 Richard Rapids Suite 247
West Michelleland, FM 33042",4306421285897857,1979-03-03
48447,"106 Susan Manors Apt. 424
Ginaport, OR 33947",676320906438,2011-12-20
24935,"17382 Michael Lodge
Jefferyview, AS 42215",060454704754,2007-01-27
36668,"309 Luna Forest
Whitechester, AS 62650",3596737458188902,2025-02-20
44571,"3840 Matthew Village Apt. 164
Davismouth, WA 47281",340924925008815,2002-12-23
34024,"5726 Gonzalez Meadow
Haleside, TX 44792",3529777197899205,1989-01-12
40953,"285 Sutton Club
Haleland, PR 07023",4498980943051007,2004-07-11
69208,"2376 Robbins Union Suite 184
Wilsonmouth, ND 22309",4439727141348186404,1998-02-22
64653,"7364 Smith Unions
Port Sallyfort, CA 44343",4042368963493617,2011-10-06
45755,"USNV Rogers
FPO AP 87499",4429040850197,1993-03-07
16871,"81383 Andrea Harbor
East Angelicamouth, AR 09727",30555604757184,1989-08-23
43284,"93513 Anderson Fork Suite 470
Jonesmouth, MS 00651",060455476899,1994-08-30
69558,"5544 Brian Point Apt. 774
West Andreaburgh, AZ 24160",4729220873270788965,1982-08-09
65282,"77372 Kennedy Ford Suite 046
North Josephshire, KY 85338",4897694619391,2001-11-18
69112,"979 Anthony Villages Suite 666
Watkinsberg, MT 81130",675955441836,1974-10-22
41288,"69900 Joshua Walk
Port Erika, IL 52692",180029731391695,1976-06-01
7502,"53420 Johnson Gateway
Lake Scottfort, MD 30105",4926024701174685,1990-02-27
27821,"1044 Danielle Burgs Apt. 509
West Rachelburgh, NE 88261",4881712012194391,1998-06-03
34439,"91993 Reynolds Estate Suite 525
North Tonya, OK 95947",4010995060534279,1985-11-08
69573,"683 Zachary Radial
Wongbury, FL 40308",4650344190380383,1997-12-22
43662,"Unit 0103 Box 4677
DPO AA 72152",676223661478,2006-05-02
6938,"9632 Stacy Forge Apt. 638
North Katie, PR 74858",4390221448723172610,2025-05-12
49855,"PSC 2507, Box 8731
APO AE 45598",30510500622917,1983-10-18
36985,"8935 Christopher Islands Suite 622
Littletown, CO 44417",213183186321102,2016-09-09
7334,"3465 Sandoval Underpass
Brandonside, CA 58405",4478657826719,2005-02-01
37289,"96574 Kenneth Branch Suite 297
Palmerfort, DC 04170",4063041525918496,1988-04-13
76625,"618 Goodwin Knoll
Cassandraton, KS 12119",180004552205936,2013-10-06
18131,"30397 Elizabeth Rapids
Charlesland, ND 12405",6011366584488646,1995-06-30
24322,"262 Olson Plaza Apt. 099
Maysfurt, PA 47644",373138661632825,1978-09-19
64077,"455 Carolyn Ways Suite 232
East Michael, TN 89798",4926009378199099,2014-10-07
24997,"29646 Charles Street
North Nicholas, WI 95845",6552106586885307,1986-08-23
40429,"230 Hill Club Suite 620
East Brendashire, NJ 09576",4582990585153,2026-01-08
74311,"USNV Adkins
FPO AP 21938",3564844909003017,2014-09-15
23276,"4493 Sue Meadow Suite 938
New Tiffanyburgh, DC 56306",3523491381991929,2013-03-23
40732,"13205 Cook Hollow
Cesarview, VI 72033",2415458824481217,1995-06-25
42875,"Unit 1778 Box 0224
DPO AE 81319",6011302136751629,1995-08-05
51277,"Unit 8513 Box 9898
DPO AA 18490",3520136997992026,1989-08-30
34737,"558 Tina Underpass
South Shannonbury, NM 40457",30102860370467,1973-08-07
66600,"128 Emily Curve
Newmanport, AL 32202",4427634883213566,1988-02-24
11226,"8852 Andrew Plaza Suite 855
New Yvonneshire, PA 08637",3597549409328837,2008-03-18
42808,"4293 Turner Courts Suite 066
Port Michelle, MT 99019",4422328097573841,1976-11-02
31885,"6540 Stephanie Drive Suite 941
New Helenside, NJ 07851",180075562405930,2024-07-17
71309,"362 Gary Cliff Suite 738
West Kristinborough, HI 15202",213116187322232,1976-04-03
33176,"88920 Bradley Alley Suite 041
Samuelmouth, VA 57491",4720375315125960,1989-08-05
62542,"860 Timothy Hills Apt. 608
Suarezberg, NJ 87191",4212430232569046234,2011-06-28
15169,"13733 Smith Passage Apt. 453
Jonesburgh, MD 38643",2237623686317280,1997-08-28
28747,"5844 Linda Lake Apt. 267
Carrollville, AR 95757",4169883434145767,2012-12-18
64942,"890 Cole Circles
Guerreroport, GU 82178",36332044741200,2002-12-15
70435,"89430 Herbert Corners
Christianbury, MA 72389",3566196936997788,2025-02-07
65940,"9611 Travis Extensions Apt. 804
Sandratown, NH 28029",213143701108855,1992-10-21
22478,"804 Mcintosh Place Suite 039
Josephmouth, CO 82009",30304907145445,2013-10-23
10074,"8140 John Fort
Stephaniefurt, MP 12166",4010539407365672,1981-03-16
6914,"47959 Steven Cliffs Suite 991
East Steven, VI 44140",4926996637411,2013-10-28
63180,"9024 Perez Forge
Marytown, DE 69229",3567799097776906,1984-07-16
64339,"Unit 2060 Box 9847
DPO AP 71750",180037954608059,2025-11-23
5714,"6446 Krystal Knoll
Gabriellabury, VA 21717",180054766681992,1979-11-02
16868,"27826 Hendrix Oval Suite 338
Allisonmouth, WY 58277",3581370190015337,1998-06-22
57733,"31938 Jack Circle
Perryfort, CA 51356",4440372237245512,2013-04-02
72992,"172 Samantha Spur
Laurenstad, MT 98097",4098378624183,1973-06-12
6495,"456 Alexandra Brook
New Hannahhaven, VA 93978",3514134687778936,2003-10-03
47900,"5598 Elizabeth Turnpike Suite 118
Bakerton, AZ 31477",378893696265455,1972-06-16
73316,"448 Robinson Key Suite 902
Lake Jose, FM 16206",6594863476151758,2021-08-27
8344,"090 Montgomery Underpass
North Maryside, WY 36449",4945014002676972,1986-01-27
35147,"706 Stephen Curve Apt. 332
Johnsonmouth, NE 59374",376466106960767,2017-05-09
19250,"7282 Campbell Way Apt. 592
South Katiefurt, LA 87864",180001964089502,2017-06-01
72256,"5041 Lucas Point
Davidville, AZ 83757",502006087568,1999-02-08
68777,"15482 Sheila View
East Johnberg, GU 05643",4769466449242,1998-03-16
46332,"54919 Garcia Forges
Lake Yeseniaview, IA 14814",180024652900970,1997-04-29
75622,"1112 Rodney Islands
West Lorishire, CT 80466",6011342867826406,2021-09-05
25368,"5896 Allen Walk Apt. 382
Guzmanton, VT 33137",4738918500343631,2007-06-15
3184,"145 Walters Terrace Apt. 681
Williamsonchester, AS 94148",4270201939378542,1972-12-20
17775,"82923 Lauren Trail
North George, OK 09819",4756553068240817,2005-04-19
1722,"664 Katie Drive Suite 748
Port Charles, ME 97215",3589966507950280,2014-06-22
64934,"27037 Benjamin Manor Suite 213
Andersenberg, RI 74075",4600234907283834866,2004-02-17
34356,"7882 Kristen Plains
Jasonton, TN 73852",2679815883117381,1980-08-05
15421,"71941 Kevin Vista
Baileyside, AR 84385",375929982539261,1984-09-13
52497,"82875 Smith Ports Suite 599
Buckleyshire, MA 45495",3515796014798537,1985-10-18
74813,"45124 Evans Hills Suite 591
South Bonnieburgh, ID 97253",30156891423604,1976-08-27
38532,"014 Tamara Garden Suite 046
Huertaview, IL 79812",30126849518292,1996-09-11
69230,"Unit 4279 Box 7228
DPO AA 44543",30585641882356,1982-04-05
14397,"Unit 8182 Box 4395
DPO AP 01304",3519925709458588,1977-03-23
71294,"84344 Roberts Valleys
South Joshua, FL 29503",30480066323062,2007-05-01
76815,"576 Miller Expressway
South Stevenbury, NE 99367",4645606690020,1991-05-03
15559,"24447 Thomas Cliff Apt. 847
Kimberlyland, FL 50179",4669038400364802,1995-06-04
34771,"3186 Anthony Haven
North Christina, NH 09241",4658851493666468,2001-09-21
56422,"024 Lopez Plaza
Crystalville, CT 86451",372736906902233,1971-06-05
53385,"0622 Hanson Lodge Apt. 913
East Wayne, AZ 79119",4562132871642511,1983-09-17
26213,"413 Howe Mount Suite 428
East John, WA 29612",675982374661,1992-06-27
48827,"58014 Adams Knoll
South Dorothy, OH 22397",30137835072004,2021-04-23
38115,"429 Alexis Landing Apt. 328
Blackfurt, IN 03704",213113721899551,1978-04-22
28388,"33537 Bowman Viaduct
North Christina, ID 04577",4053354364068337,1976-09-13
74198,"154 Johnson Stream Suite 725
Flemingtown, IA 42180",4355787123032538533,1977-04-18
60262,"409 Kimberly Rapid
East Timothy, MA 84153",5528760048815964,1977-07-08
4872,"PSC 7653, Box 6116
APO AA 80004",180094899697713,2000-10-16
39861,"202 Lane Summit
Warrenshire, AS 27819",4213799748950532964,2024-11-25
41571,"0339 Thompson Squares Suite 505
Aguilarmouth, IN 42865",4548661808778,1988-04-08
39749,"843 Noah Brooks Suite 156
Sandrafort, MT 76864",4006389225287674,2013-08-12
7172,"5569 Mark Ridges
Amyfort, GA 81549",6011698444392687,1973-01-23
62467,"6314 Jennings Stream Suite 139
South Lisafurt, WA 47359",4772234572507864,2012-04-13
10374,"9630 Johnson Stream Apt. 409
Lake Victortown, ME 80577",4845204926895292393,2018-12-17
14098,"8773 Moore Estates
Hillfurt, OK 18439",4102574524732,1999-04-13
14464,"4074 Gaines Underpass Apt. 386
Wileyborough, CT 32184",6011483563149329,1982-06-29
26882,"52559 Skinner Pine
Debraburgh, KY 06159",3534656236977433,2018-04-06
39425,"Unit 3044 Box 1506
DPO AP 27332",4015126025441625,1983-04-27
58719,"9799 Amanda Pike
Port Raventown, WY 15133",4512860734187073,1970-01-26
12880,"PSC 2838, Box 4205
APO AP 80109",6547745899030685,1996-11-12
14457,"420 Johnny Views Suite 630
South Erin, MD 22915",344937155203001,1974-01-04
13414,"928 Amanda Junction
Angelachester, SC 93168",38127247628545,1979-11-17
5651,"2524 Paul Cliff
North Patrickberg, UT 43210",3591992368143381,1985-05-28
13151,"Unit 1706 Box 1438
DPO AA 87085",4522401084899880,1979-05-09
26383,"7182 Gardner Lakes
West Angela, ME 38726",349718625610685,2015-06-15
28855,"735 Hardy Ridge
East Margaret, NE 91489",4030382327741128,1978-01-23
18012,"9621 Hatfield Shore
Stephanieburgh, OR 57438",4113458886810668,1980-03-23
45794,"Unit 5322 Box 2449
DPO AE 09565",4763826480864,1990-04-03
68285,"074 Betty Views
East Cherylbury, CA 54742",6502872705646711,2012-11-18
3129,"19514 Shawn Rapids Apt. 322
Vincentfurt, PA 13682",585959395351,2005-09-01
11503,"8513 Tina Ferry
North Stevenfurt, AK 20685",2255384589901194,1982-06-20
70685,"728 Kyle Spur
New Wendy, RI 82361",3503824848476254,2008-05-18
4093,"Unit 2295 Box 9016
DPO AE 66955",6011301412291813,2010-11-05
17454,"5376 Gilbert Garden Apt. 568
East Scott, KS 01456",5523193379785330,2017-03-19
35929,"239 Zavala Station Suite 258
West Codyview, FM 84978",6011460773964051,2021-05-18
26155,"09082 Andrews Mall
Rogersview, NJ 87914",3526790364864848,1995-10-10
27169,"013 Ward Isle
Lake Christinaberg, LA 21498",3559928398962028,2009-05-07
57702,"65814 Brooke Pass Suite 679
West Sarachester, NJ 37013",4333442859585543,2010-01-10
30514,"795 Moon Throughway
Hallborough, WY 63533",4011845421441582,2005-11-26
72378,"9636 Yolanda Coves
Sandyport, WI 84207",6011677906215685,2002-03-24
27635,"3941 Beasley Brook Apt. 880
East Douglas, MO 61067",6011866258902582,2015-12-19
