id,name,current_price,stock
1824,office,$40.07,4
8337,act,$289.80,6
53380,plant,$5.08,9
5348,necessary,$63.83,0
79290,can,$91.69,2
40303,call,"$69,085.64",8
3274,identify,$2.22,5
79116,product,$859.56,1
62711,manager,$33.97,7
76940,modern,$675.71,7
73583,hair,$503.42,2
38958,same,$823.06,8
43337,current,"$9,790.56",6
12959,girl,"$37,171.76",0
62289,become,"$6,270.68",1
57369,most,$9.97,0
62283,Republican,$17.65,3
64378,marriage,$5.84,1
53265,court,"$38,031.58",1
1479,support,$79.93,9
47868,no,"$5,653.78",4
13855,arrive,$8.33,4
62985,father,"$38,841.41",8
56008,toward,"$38,677.84",3
54517,ask,"$89,687.88",7
65870,establish,"$6,079.77",2
40758,if,"$5,445.31",7
25142,miss,$91.92,3
42582,coach,$635.35,2
64191,quite,$741.32,0
17989,reason,$4.47,4
15383,just,$72.60,5
31228,discuss,$43.48,8
34384,main,$898.36,6
60407,during,$5.02,6
56257,under,$8.26,2
49272,by,$20.13,3
20730,everybody,$2.80,4
21592,shake,$2.52,3
39218,meeting,$150.56,8
66899,different,$1.79,8
68307,anything,$612.87,8
40068,oil,$599.33,0
13946,now,$237.70,5
74850,lawyer,$7.53,8
3964,end,$0.84,0
41383,ago,"$7,792.52",4
68128,leader,$4.51,1
9608,public,$278.78,3
65513,decision,"$91,556.83",3
46066,six,"$20,846.51",5
18992,baby,$785.65,9
76086,almost,"$95,293.62",6
10610,about,$3.13,2
3444,less,$5.55,1
22492,study,$9.33,3
65074,rate,$466.04,1
17477,occur,"$29,795.49",6
5434,herself,"$26,486.22",2
64308,rich,$2.90,9
54243,education,$354.86,8
11166,important,$251.06,2
21969,color,"$78,663.63",1
18404,science,$3.79,7
71247,hot,$8.62,9
40927,present,"$33,365.87",8
12922,each,$0.68,7
22696,film,$533.81,2
58397,project,"$51,214.65",3
21841,offer,$54.16,0
71557,these,$64.79,3
67987,this,"$19,189.19",0
9096,design,$5.91,7
38866,budget,$5.80,3
73512,fish,"$82,409.42",1
47934,record,"$4,802.02",8
10821,scene,$817.49,2
25898,conference,$8.02,1
14725,read,$133.84,5
18521,way,$71.96,5
71528,notice,"$7,970.04",0
21364,rather,$2.93,6
74594,between,"$5,020.30",1
30333,perform,$3.84,5
1174,education,$76.37,9
71144,record,$25.75,7
16004,campaign,$68.26,8
84846,view,$46.83,3
64815,if,"$1,788.97",2
68072,big,$6.14,6
79110,win,$587.80,2
26055,Republican,$4.85,0
62049,law,$631.91,3
18511,think,$79.75,2
48627,food,$276.70,6
50127,baby,$8.48,6
50429,often,"$45,110.39",0
48491,charge,"$3,228.29",1
5201,little,"$64,599.20",7
46191,usually,$281.23,5
15331,former,$877.59,5
35382,clear,$1.93,5
71689,mission,"$69,221.70",8
6248,real,$0.82,5
35000,current,$0.26,2
78494,drug,$0.66,4
53430,question,"$8,048.97",1
33339,decade,"$6,018.79",6
48570,keep,"$72,662.36",3
10457,they,$0.68,8
32635,important,$76.35,2
80442,quite,$814.96,8
586,the,"$8,725.66",5
49231,down,$353.31,1
74590,support,"$11,878.16",0
37561,list,$27.65,3
68066,side,$150.53,9
35106,better,"$14,808.66",7
57395,thought,$622.00,3
8484,fly,$4.54,5
4104,accept,"$81,331.05",9
32448,put,$913.31,9
67241,number,$225.25,7
8307,during,$0.96,1
79913,catch,$6.40,6
23492,Congress,"$4,612.43",7
34109,example,$812.69,3
37241,ready,$831.67,7
51780,against,$4.41,1
35052,age,$9.70,6
53266,not,$401.24,4
11550,money,$861.52,1
20717,attack,$990.20,6
66610,open,$584.51,4
77311,like,$5.69,8
44408,about,$366.40,1
48480,explain,"$57,394.80",6
52759,real,$4.27,8
12502,party,$960.85,7
57807,movie,$19.79,6
15908,explain,$36.24,8
63864,really,"$32,688.75",2
38324,response,"$9,557.36",6
64966,student,$3.42,0
10095,challenge,$7.37,6
78085,manage,$85.12,5
69292,skill,"$15,772.85",2
20184,model,$916.02,8
68412,more,$7.77,8
84622,whatever,$1.19,6
30711,today,"$1,010.78",4
11622,natural,$519.61,5
85259,his,$507.74,4
60703,available,$0.58,9
70435,pressure,"$33,282.39",5
29117,small,$78.13,8
80336,campaign,$1.17,4
33279,from,$0.25,9
13003,music,"$5,420.43",3
29949,speak,$51.09,1
12690,could,"$67,059.82",7
55750,decade,"$15,196.92",8
43510,likely,$3.36,0
28398,account,"$28,137.16",5
70938,under,"$7,789.94",1
62712,protect,"$45,568.25",9
72602,support,$619.22,5
19587,however,"$4,924.95",2
49470,like,$66.05,5
84555,candidate,$851.14,7
20130,couple,$8.19,6
36675,prevent,$178.50,2
76876,spend,$118.32,4
72500,we,"$2,833.02",2
5094,prevent,"$6,547.62",7
79098,try,$70.59,5
8740,nation,$785.35,4
64753,part,"$4,601.15",1
68915,military,$3.65,1
58944,from,"$29,869.85",7
70726,unit,"$97,050.87",4
58215,young,"$1,380.03",1
26603,drop,"$29,473.69",1
15070,process,$41.63,3
20555,occur,$772.99,6
53417,stock,"$42,230.71",7
6353,better,$279.47,2
2439,scene,$398.04,4
22874,conference,$722.51,1
34194,thousand,$27.48,6
48761,rock,"$6,247.75",7
64892,stay,$8.99,5
37579,would,$90.07,4
69354,simple,$62.90,5
23982,explain,"$5,129.50",8
84654,drug,$231.40,3
60882,leave,$2.76,4
14978,machine,$7.51,4
16470,partner,"$6,130.55",7
55723,benefit,"$73,157.49",1
9896,sing,"$1,040.64",3
6989,health,"$54,907.18",8
62298,defense,$923.47,1
11320,hour,"$3,335.08",7
49279,police,$26.85,6
81289,suffer,"$67,453.77",7
28103,eight,"$65,995.91",5
6383,cover,$516.37,0
39059,full,$125.05,5
81423,night,"$8,913.53",3
30382,girl,$7.53,0
2926,air,"$1,109.31",4
63407,court,$40.85,7
64769,seem,$850.81,1
76620,when,"$41,794.35",6
79904,easy,$21.27,1
34134,say,"$72,904.35",9
36039,value,$986.28,2
20579,strategy,"$8,658.02",3
32154,production,"$4,272.40",5
58470,evening,$2.45,8
43800,share,"$99,387.06",2
69734,just,"$9,801.94",1
8732,dream,"$17,861.46",3
72752,left,"$16,413.73",0
6204,memory,$9.33,2
3907,plan,$6.30,7
25239,surface,$67.66,4
17978,computer,$9.44,0
14170,dinner,"$4,212.29",4
2929,alone,$356.51,5
8631,usually,"$3,770.50",6
13025,bring,$2.37,3
32438,history,"$4,463.79",1
8847,while,"$91,260.63",3
3245,floor,$7.33,0
36149,fight,$16.02,1
6221,effect,$5.21,1
79358,fund,$6.30,3
27264,real,$30.54,4
75639,its,$27.71,4
23389,physical,$85.66,5
4309,number,"$3,126.35",9
54864,be,"$1,736.91",0
40080,movie,"$6,575.37",1
77769,small,$74.90,2
36054,wall,$246.40,1
19554,start,$3.09,5
1513,none,"$88,928.47",2
51218,truth,$12.03,7
77338,speak,"$82,682.07",1
42738,let,$40.78,7
12052,Congress,"$98,584.79",8
7031,require,$81.75,7
59231,left,$1.38,2
39249,tell,$276.26,3
18026,inside,"$12,635.07",6
24742,later,$188.87,9
65304,single,$919.09,2
78280,production,$16.51,9
46838,hair,"$62,756.08",1
3163,hand,$21.89,9
6041,physical,$0.87,9
15633,record,$275.88,4
79058,enter,$601.73,2
48677,similar,"$8,055.74",0
75998,sister,$78.23,8
30549,nation,$87.57,7
19245,western,$37.60,3
19801,form,"$13,656.86",0
66394,thought,$18.18,8
76254,believe,$3.31,8
39910,hair,$721.17,8
41572,appear,"$6,162.37",4
49515,ready,$7.93,9
32837,evidence,"$43,636.29",3
67255,along,"$9,989.76",0
57476,anything,"$38,427.18",1
71031,political,$3.12,1
50853,anything,$581.41,6
64130,president,$92.27,6
80861,fill,"$4,583.89",1
7313,report,$518.43,2
49397,development,$3.28,6
29366,including,$8.19,5
77796,line,"$12,905.80",1
78785,not,"$68,332.62",4
49260,range,$82.82,6
42432,nearly,"$29,072.18",7
6483,between,$16.98,7
70426,son,"$2,052.52",9
5637,senior,$87.85,7
60574,indicate,$46.35,2
4750,play,"$9,910.97",5
45427,any,"$89,157.00",0
32093,standard,$884.08,3
20053,force,"$30,162.27",2
57744,father,$6.94,0
16483,artist,$399.58,2
41895,threat,$2.26,0
76473,between,$785.66,6
11776,get,$7.24,3
48428,whole,"$68,481.43",6
38047,various,$11.31,0
66198,sound,"$31,735.52",4
31761,process,$387.25,2
41551,consider,$100.93,9
47586,when,"$1,483.98",5
66962,over,$43.55,3
28519,child,$3.27,0
29772,reflect,$61.75,5
85165,between,"$6,514.22",0
70576,hair,"$67,950.32",9
14929,church,"$73,174.50",2
82199,all,"$84,148.70",6
47166,write,$8.82,5
5068,they,$0.14,0
77951,month,$307.67,4
70724,detail,$15.99,2
39540,eat,"$63,763.29",3
64522,rule,$846.93,7
21829,trade,$897.55,3
61523,sister,"$64,214.33",2
56157,move,$47.71,6
40502,glass,"$85,294.51",4
57033,enough,"$4,195.93",2
10902,civil,"$6,047.03",1
81959,conference,"$89,389.91",6
7453,traditional,$847.86,0
11340,enjoy,$2.62,1
72420,expert,$6.60,6
59778,theory,"$41,635.95",1
31740,here,"$71,209.78",6
44380,every,$3.41,5
47029,road,$374.98,1
55463,stay,"$64,023.08",7
33221,role,"$4,234.62",4
14031,woman,$1.19,6
18287,our,"$3,126.47",7
84118,peace,"$85,537.55",7
32513,think,$7.81,7
76313,plant,$4.69,0
26764,together,"$8,712.62",5
66829,wife,$0.92,4
31337,store,$891.18,6
70842,employee,$147.55,8
42952,news,"$27,384.91",7
2833,major,$6.19,4
69803,top,$5.18,7
76694,poor,$588.08,5
8598,stand,$805.72,8
57054,really,$29.12,9
36355,imagine,$5.03,4
62475,occur,$98.95,7
70755,than,"$75,398.07",8
54401,director,$485.27,8
75330,citizen,$80.14,8
16661,arm,$665.60,5
65435,quickly,$0.60,8
55332,debate,"$28,556.35",3
75918,certainly,"$14,744.84",8
13849,actually,$88.65,8
80077,book,$263.44,5
72264,political,"$63,823.65",1
24623,sort,"$22,994.05",6
36582,risk,"$1,624.03",0
68422,write,"$61,765.64",3
48436,yard,$77.86,8
27800,stage,"$41,717.86",9
84544,television,"$17,096.28",2
29796,else,$47.27,2
40584,community,"$81,983.27",1
20564,hot,"$41,735.40",8
18309,treatment,$4.84,5
2460,social,$33.17,1
35340,floor,"$8,259.67",4
80556,gas,"$47,884.29",5
22786,as,"$3,685.78",8
66982,population,$71.71,6
19918,with,$55.17,7
46294,marriage,$0.10,7
36448,approach,$6.34,4
28124,after,$26.67,9
58019,necessary,$76.53,1
67912,look,$17.86,4
66308,entire,$75.06,1
58093,drive,"$28,068.86",1
79958,wife,"$75,209.09",5
62016,go,$3.73,8
32178,land,"$29,931.48",2
20520,yet,$508.56,9
70335,least,$280.89,3
19930,allow,$32.14,3
36412,front,$7.42,0
68743,clear,"$36,843.21",0
36154,sense,"$1,772.48",1
37806,individual,$8.14,1
25226,network,"$39,053.26",0
26398,popular,$706.11,8
3339,paper,$44.87,0
78798,always,"$92,830.07",1
73237,threat,"$58,143.69",9
38176,goal,$89.56,9
61738,difference,$13.10,5
59410,be,$28.71,8
79989,know,$21.92,3
7717,report,$21.50,6
80015,give,$90.93,8
44687,have,"$7,222.76",9
16941,outside,"$14,071.82",0
76841,full,"$90,319.11",0
56874,social,$311.89,8
71909,evidence,$373.17,9
55813,adult,$0.22,5
83615,shoulder,"$71,434.70",4
82349,entire,"$36,021.00",8
59786,out,$513.45,5
25376,we,$16.39,8
25643,much,$97.41,3
69868,so,$6.87,6
36289,get,$41.16,8
61636,play,$7.51,6
67825,soldier,$23.36,7
9979,particularly,$73.77,7
271,pay,"$3,741.64",8
52109,political,$498.74,2
25007,indicate,$123.21,3
12919,health,"$8,615.77",3
40300,throughout,$74.39,4
11534,buy,$3.60,4
8496,contain,"$1,393.91",7
40256,real,$56.30,3
79093,body,$44.60,1
71789,television,$8.48,5
75382,public,$22.14,9
62154,himself,"$16,405.13",0
4037,need,$17.25,2
8566,central,"$4,474.34",9
47911,current,$226.23,3
77273,would,"$3,219.63",2
71805,nor,$314.25,2
78752,foot,$16.00,2
56904,stand,"$74,034.65",1
78693,movement,"$4,255.20",3
23879,strategy,$6.99,8
10447,source,"$8,182.62",1
20488,American,"$8,145.75",6
8102,alone,$5.77,3
77093,tree,$3.23,4
42554,speak,$13.35,4
84244,majority,$232.61,1
15104,civil,"$81,888.03",2
26920,left,"$5,227.69",5
55829,yard,"$5,758.86",4
9079,through,$5.96,8
79439,word,$4.23,1
38028,pretty,$88.08,1
57821,sit,"$95,456.92",7
74508,lawyer,"$17,360.42",7
75691,process,"$44,316.11",0
61716,sort,"$6,454.88",8
50617,design,"$7,605.63",0
57129,record,$650.12,9
34688,continue,$6.98,1
30195,have,$208.16,5
15902,executive,$48.19,8
58386,safe,$475.24,7
78276,budget,"$74,816.47",4
46425,language,"$2,024.98",2
33311,stage,$782.85,1
76233,suffer,$764.20,4
38171,more,"$6,032.19",1
28044,board,"$5,470.50",1
32019,candidate,$23.41,0
58957,building,$68.51,1
21270,understand,"$92,380.72",5
59539,I,"$81,878.33",5
82288,former,$385.22,4
19277,strategy,"$8,789.57",1
72851,attorney,$792.22,5
27057,pass,$3.41,5
76990,particular,$772.71,3
67789,research,$8.84,7
84994,look,$3.47,4
43498,add,"$43,771.37",3
12161,people,"$19,451.88",7
39381,cause,$35.05,4
44597,their,$3.39,2
42343,partner,"$7,191.79",5
16505,we,$524.55,0
26068,hotel,"$4,500.27",0
7126,often,$72.78,3
3581,hand,$764.26,1
53760,suddenly,"$6,149.52",9
69510,them,"$4,498.58",9
24358,girl,"$13,781.41",8
26699,live,"$89,392.00",9
3341,spend,$668.38,4
49505,she,$5.47,6
23593,go,"$11,397.77",5
